-- MySQL dump 10.13  Distrib 8.0.44, for Win64 (x86_64)
--
-- Host: 127.0.0.1    Database: expertise_db_db
-- ------------------------------------------------------
-- Server version	8.0.44

/*!40101 SET @OLD_CHARACTER_SET_CLIENT=@@CHARACTER_SET_CLIENT */;
/*!40101 SET @OLD_CHARACTER_SET_RESULTS=@@CHARACTER_SET_RESULTS */;
/*!40101 SET @OLD_COLLATION_CONNECTION=@@COLLATION_CONNECTION */;
/*!50503 SET NAMES utf8 */;
/*!40103 SET @OLD_TIME_ZONE=@@TIME_ZONE */;
/*!40103 SET TIME_ZONE='+00:00' */;
/*!40014 SET @OLD_UNIQUE_CHECKS=@@UNIQUE_CHECKS, UNIQUE_CHECKS=0 */;
/*!40014 SET @OLD_FOREIGN_KEY_CHECKS=@@FOREIGN_KEY_CHECKS, FOREIGN_KEY_CHECKS=0 */;
/*!40101 SET @OLD_SQL_MODE=@@SQL_MODE, SQL_MODE='NO_AUTO_VALUE_ON_ZERO' */;
/*!40111 SET @OLD_SQL_NOTES=@@SQL_NOTES, SQL_NOTES=0 */;

--
-- Table structure for table `approved_packages`
--

DROP TABLE IF EXISTS `approved_packages`;
/*!40101 SET @saved_cs_client     = @@character_set_client */;
/*!50503 SET character_set_client = utf8mb4 */;
CREATE TABLE `approved_packages` (
  `id` int NOT NULL AUTO_INCREMENT,
  `project_id` int NOT NULL,
  `conclusion_id` int DEFAULT NULL,
  `report_id` int DEFAULT NULL,
  `act_id` int DEFAULT NULL,
  `transfer_date` datetime DEFAULT NULL,
  `transfer_status` enum('pending','transferred') COLLATE utf8mb4_unicode_ci DEFAULT 'pending',
  PRIMARY KEY (`id`),
  UNIQUE KEY `project_id` (`project_id`),
  KEY `conclusion_id` (`conclusion_id`),
  KEY `report_id` (`report_id`),
  KEY `act_id` (`act_id`),
  CONSTRAINT `approved_packages_ibfk_1` FOREIGN KEY (`project_id`) REFERENCES `projects` (`id`),
  CONSTRAINT `approved_packages_ibfk_2` FOREIGN KEY (`conclusion_id`) REFERENCES `final_documents` (`id`),
  CONSTRAINT `approved_packages_ibfk_3` FOREIGN KEY (`report_id`) REFERENCES `final_documents` (`id`),
  CONSTRAINT `approved_packages_ibfk_4` FOREIGN KEY (`act_id`) REFERENCES `final_documents` (`id`)
) ENGINE=InnoDB DEFAULT CHARSET=utf8mb4 COLLATE=utf8mb4_unicode_ci;
/*!40101 SET character_set_client = @saved_cs_client */;

--
-- Dumping data for table `approved_packages`
--

LOCK TABLES `approved_packages` WRITE;
/*!40000 ALTER TABLE `approved_packages` DISABLE KEYS */;
/*!40000 ALTER TABLE `approved_packages` ENABLE KEYS */;
UNLOCK TABLES;

--
-- Table structure for table `audit_log`
--

DROP TABLE IF EXISTS `audit_log`;
/*!40101 SET @saved_cs_client     = @@character_set_client */;
/*!50503 SET character_set_client = utf8mb4 */;
CREATE TABLE `audit_log` (
  `id` int NOT NULL AUTO_INCREMENT,
  `employee_id` int NOT NULL,
  `action_time` datetime NOT NULL,
  `action_type` varchar(50) COLLATE utf8mb4_unicode_ci NOT NULL,
  `object_type` varchar(50) COLLATE utf8mb4_unicode_ci DEFAULT NULL,
  `object_id` int DEFAULT NULL,
  `details` text COLLATE utf8mb4_unicode_ci,
  `ip_address` varchar(45) COLLATE utf8mb4_unicode_ci DEFAULT NULL,
  PRIMARY KEY (`id`),
  KEY `employee_id` (`employee_id`),
  CONSTRAINT `audit_log_ibfk_1` FOREIGN KEY (`employee_id`) REFERENCES `employees` (`id`)
) ENGINE=InnoDB AUTO_INCREMENT=305 DEFAULT CHARSET=utf8mb4 COLLATE=utf8mb4_unicode_ci;
/*!40101 SET character_set_client = @saved_cs_client */;

--
-- Dumping data for table `audit_log`
--

LOCK TABLES `audit_log` WRITE;
/*!40000 ALTER TABLE `audit_log` DISABLE KEYS */;
INSERT INTO `audit_log` VALUES (1,5,'2026-02-27 01:36:30','LOGIN','system',NULL,'Пользователь Администратор вошел в систему','127.0.0.1'),(2,5,'2026-02-27 02:18:21','LOGIN','system',NULL,'Пользователь Администратор вошел в систему','127.0.0.1'),(3,5,'2026-02-27 02:18:31','LOGOUT','system',NULL,'Пользователь Администратор вышел из системы','127.0.0.1'),(4,5,'2026-02-27 02:25:42','LOGIN','system',NULL,'Пользователь Администратор вошел в систему','127.0.0.1'),(5,5,'2026-02-27 02:25:56','CREATE','expert_types',7,'Добавлена запись в Типы экспертиз','127.0.0.1'),(6,5,'2026-02-27 02:26:04','UPDATE','expert_types',7,'Обновлена запись ID 7 в Типы экспертиз','127.0.0.1'),(7,5,'2026-02-27 02:26:09','DELETE','expert_types',7,'Удалена запись ID 7 из Типы экспертиз','127.0.0.1'),(8,5,'2026-02-27 02:26:16','CREATE','objects',7,'Добавлена запись в Объекты экспертизы','127.0.0.1'),(9,5,'2026-02-27 02:26:20','UPDATE','objects',7,'Обновлена запись ID 7 в Объекты экспертизы','127.0.0.1'),(10,5,'2026-02-27 02:26:24','DELETE','objects',7,'Удалена запись ID 7 из Объекты экспертизы','127.0.0.1'),(11,5,'2026-02-27 02:26:31','CREATE','customers',7,'Добавлена запись в Заказчики','127.0.0.1'),(12,5,'2026-02-27 02:26:35','UPDATE','customers',7,'Обновлена запись ID 7 в Заказчики','127.0.0.1'),(13,5,'2026-02-27 02:26:37','DELETE','customers',7,'Удалена запись ID 7 из Заказчики','127.0.0.1'),(14,5,'2026-02-27 02:27:06','CREATE','project',1,'Создан проект П-20260227-022706','127.0.0.1'),(15,5,'2026-02-27 02:29:08','CREATE','project',2,'Создан проект П-20260227-022908','127.0.0.1'),(16,5,'2026-02-27 02:31:13','LOGIN','system',NULL,'Пользователь Администратор вошел в систему','127.0.0.1'),(17,5,'2026-02-27 02:31:47','LOGOUT','system',NULL,'Пользователь Администратор вышел из системы','127.0.0.1'),(18,5,'2026-02-27 02:31:48','LOGOUT','system',NULL,'Пользователь Администратор вышел из системы','127.0.0.1'),(24,1,'2026-02-27 02:34:25','LOGIN','system',NULL,'Пользователь Иванов Иван Иванович вошел в систему','127.0.0.1'),(25,2,'2026-02-27 02:38:01','LOGIN','system',NULL,'Пользователь Петров Петр Петрович вошел в систему','127.0.0.1'),(26,2,'2026-02-27 02:39:57','LOGIN','system',NULL,'Пользователь Петров Петр Петрович вошел в систему','127.0.0.1'),(27,2,'2026-02-27 02:40:00','LOGOUT','system',NULL,'Пользователь Петров Петр Петрович вышел из системы','127.0.0.1'),(28,2,'2026-02-27 02:40:00','LOGOUT','system',NULL,'Пользователь Петров Петр Петрович вышел из системы','127.0.0.1'),(29,2,'2026-02-27 02:40:11','LOGIN','system',NULL,'Пользователь Петров Петр Петрович вошел в систему','127.0.0.1'),(30,2,'2026-02-27 02:40:13','LOGOUT','system',NULL,'Пользователь Петров Петр Петрович вышел из системы','127.0.0.1'),(31,2,'2026-02-27 02:40:15','LOGOUT','system',NULL,'Пользователь Петров Петр Петрович вышел из системы','127.0.0.1'),(32,2,'2026-02-27 02:41:59','LOGIN','system',NULL,'Пользователь Петров Петр Петрович вошел в систему','127.0.0.1'),(33,2,'2026-02-27 02:44:22','LOGIN','system',NULL,'Пользователь Петров Петр Петрович вошел в систему','127.0.0.1'),(34,2,'2026-02-27 02:50:16','LOGIN','system',NULL,'Пользователь Петров Петр Петрович вошел в систему','127.0.0.1'),(35,2,'2026-02-27 02:51:55','LOGIN','system',NULL,'Пользователь Петров Петр Петрович вошел в систему','127.0.0.1'),(36,2,'2026-02-27 02:52:04','UPLOAD_RESULTS','project',2,'Загружены результаты обследования, файлов: 1','127.0.0.1'),(37,2,'2026-02-27 02:52:36','LOGOUT','system',NULL,'Пользователь Петров Петр Петрович вышел из системы','127.0.0.1'),(38,2,'2026-02-27 02:52:43','LOGOUT','system',NULL,'Пользователь Петров Петр Петрович вышел из системы','127.0.0.1'),(39,5,'2026-02-27 02:52:48','LOGIN','system',NULL,'Пользователь Администратор вошел в систему','127.0.0.1'),(40,5,'2026-02-27 02:52:54','LOGOUT','system',NULL,'Пользователь Администратор вышел из системы','127.0.0.1'),(41,5,'2026-02-27 02:52:55','LOGOUT','system',NULL,'Пользователь Администратор вышел из системы','127.0.0.1'),(42,1,'2026-02-27 02:53:03','LOGIN','system',NULL,'Пользователь Иванов Иван Иванович вошел в систему','127.0.0.1'),(43,1,'2026-02-27 02:53:29','UPLOAD_RESULTS','project',1,'Загружены результаты обследования, файлов: 2','127.0.0.1'),(44,1,'2026-02-27 02:55:17','LOGIN','system',NULL,'Пользователь Иванов Иван Иванович вошел в систему','127.0.0.1'),(45,1,'2026-02-27 02:55:37','LOGOUT','system',NULL,'Пользователь Иванов Иван Иванович вышел из системы','127.0.0.1'),(46,1,'2026-02-27 02:55:40','LOGOUT','system',NULL,'Пользователь Иванов Иван Иванович вышел из системы','127.0.0.1'),(47,5,'2026-02-27 02:55:45','LOGIN','system',NULL,'Пользователь Администратор вошел в систему','127.0.0.1'),(48,5,'2026-02-27 02:57:23','LOGOUT','system',NULL,'Пользователь Администратор вышел из системы','127.0.0.1'),(49,5,'2026-02-27 02:57:24','LOGOUT','system',NULL,'Пользователь Администратор вышел из системы','127.0.0.1'),(50,3,'2026-02-27 02:57:49','LOGIN','system',NULL,'Пользователь Сидорова Мария Сергеевна вошел в систему','127.0.0.1'),(51,3,'2026-02-27 02:58:30','LOGOUT','system',NULL,'Пользователь Сидорова Мария Сергеевна вышел из системы','127.0.0.1'),(52,3,'2026-02-27 02:58:30','LOGOUT','system',NULL,'Пользователь Сидорова Мария Сергеевна вышел из системы','127.0.0.1'),(53,3,'2026-02-27 02:58:51','LOGIN','system',NULL,'Пользователь Сидорова Мария Сергеевна вошел в систему','127.0.0.1'),(54,3,'2026-02-27 03:01:34','LOGOUT','system',NULL,'Пользователь Сидорова Мария Сергеевна вышел из системы','127.0.0.1'),(55,3,'2026-02-27 03:01:41','LOGIN','system',NULL,'Пользователь Сидорова Мария Сергеевна вошел в систему','127.0.0.1'),(56,3,'2026-02-27 03:02:28','CREATE','templates',1,'Добавлена запись в Шаблоны документов','127.0.0.1'),(57,3,'2026-02-27 03:02:41','CREATE_DRAFTS','project',1,'Создано 1 черновиков документов','127.0.0.1'),(58,3,'2026-02-27 03:03:34','LOGOUT','system',NULL,'Пользователь Сидорова Мария Сергеевна вышел из системы','127.0.0.1'),(59,3,'2026-02-27 03:03:35','LOGOUT','system',NULL,'Пользователь Сидорова Мария Сергеевна вышел из системы','127.0.0.1'),(60,5,'2026-02-27 03:03:45','LOGIN','system',NULL,'Пользователь Администратор вошел в систему','127.0.0.1'),(61,5,'2026-02-27 03:04:02','LOGOUT','system',NULL,'Пользователь Администратор вышел из системы','127.0.0.1'),(62,5,'2026-02-27 03:04:03','LOGOUT','system',NULL,'Пользователь Администратор вышел из системы','127.0.0.1'),(63,3,'2026-02-27 03:04:09','LOGIN','system',NULL,'Пользователь Сидорова Мария Сергеевна вошел в систему','127.0.0.1'),(64,3,'2026-02-27 03:04:29','UPDATE_DRAFT','draft',1,'Обновлен черновик ID 1','127.0.0.1'),(65,3,'2026-02-27 03:04:37','SEND_TO_APPROVAL','draft',1,'Отправлен на согласование черновик ID 1','127.0.0.1'),(66,3,'2026-02-27 03:04:48','LOGOUT','system',NULL,'Пользователь Сидорова Мария Сергеевна вышел из системы','127.0.0.1'),(67,3,'2026-02-27 03:04:50','LOGOUT','system',NULL,'Пользователь Сидорова Мария Сергеевна вышел из системы','127.0.0.1'),(68,5,'2026-02-27 03:04:57','LOGIN','system',NULL,'Пользователь Администратор вошел в систему','127.0.0.1'),(69,5,'2026-02-27 03:05:14','APPROVE_DOCUMENT','draft',1,'Утвержден документ ACT-20260227-1','127.0.0.1'),(70,5,'2026-02-27 03:05:48','LOGOUT','system',NULL,'Пользователь Администратор вышел из системы','127.0.0.1'),(71,5,'2026-02-27 03:06:04','LOGOUT','system',NULL,'Пользователь Администратор вышел из системы','127.0.0.1'),(73,5,'2026-02-27 03:06:11','LOGIN','system',NULL,'Пользователь Администратор вошел в систему','127.0.0.1'),(74,5,'2026-02-27 03:10:17','LOGOUT','system',NULL,'Пользователь Администратор вышел из системы','127.0.0.1'),(75,5,'2026-02-27 03:10:17','LOGOUT','system',NULL,'Пользователь Администратор вышел из системы','127.0.0.1'),(76,5,'2026-02-27 03:14:13','LOGIN','system',NULL,'Пользователь Администратор вошел в систему','127.0.0.1'),(77,5,'2026-02-27 03:15:06','CREATE','templates',2,'Добавлена запись в Шаблоны документов','127.0.0.1'),(78,5,'2026-02-27 03:16:10','LOGOUT','system',NULL,'Пользователь Администратор вышел из системы','127.0.0.1'),(79,5,'2026-02-27 03:16:11','LOGOUT','system',NULL,'Пользователь Администратор вышел из системы','127.0.0.1'),(80,3,'2026-02-27 03:16:17','LOGIN','system',NULL,'Пользователь Сидорова Мария Сергеевна вошел в систему','127.0.0.1'),(81,3,'2026-02-27 03:16:51','CREATE_DRAFTS','project',2,'Создано 1 черновиков документов','127.0.0.1'),(82,3,'2026-02-27 03:17:57','CREATE','templates',3,'Добавлена запись в Шаблоны документов','127.0.0.1'),(83,3,'2026-02-27 03:18:05','CREATE','templates',4,'Добавлена запись в Шаблоны документов','127.0.0.1'),(84,3,'2026-02-27 03:18:10','CREATE_DRAFTS','project',2,'Создано 2 черновиков документов','127.0.0.1'),(85,3,'2026-02-27 03:23:13','LOGOUT','system',NULL,'Пользователь Сидорова Мария Сергеевна вышел из системы','127.0.0.1'),(86,3,'2026-02-27 03:23:13','LOGOUT','system',NULL,'Пользователь Сидорова Мария Сергеевна вышел из системы','127.0.0.1'),(87,3,'2026-02-27 03:30:20','LOGIN','system',NULL,'Пользователь Сидорова Мария Сергеевна вошел в систему','127.0.0.1'),(88,3,'2026-02-27 03:32:14','LOGOUT','system',NULL,'Пользователь Сидорова Мария Сергеевна вышел из системы','127.0.0.1'),(89,3,'2026-02-27 03:32:15','LOGOUT','system',NULL,'Пользователь Сидорова Мария Сергеевна вышел из системы','127.0.0.1'),(90,3,'2026-02-27 03:33:02','LOGIN','system',NULL,'Пользователь Сидорова Мария Сергеевна вошел в систему','127.0.0.1'),(91,3,'2026-02-27 03:34:24','LOGOUT','system',NULL,'Пользователь Сидорова Мария Сергеевна вышел из системы','127.0.0.1'),(92,3,'2026-02-27 03:34:25','LOGOUT','system',NULL,'Пользователь Сидорова Мария Сергеевна вышел из системы','127.0.0.1'),(93,3,'2026-02-27 03:34:31','LOGIN','system',NULL,'Пользователь Сидорова Мария Сергеевна вошел в систему','127.0.0.1'),(94,3,'2026-02-27 03:38:06','LOGOUT','system',NULL,'Пользователь Сидорова Мария Сергеевна вышел из системы','127.0.0.1'),(95,3,'2026-02-27 03:38:07','LOGOUT','system',NULL,'Пользователь Сидорова Мария Сергеевна вышел из системы','127.0.0.1'),(96,3,'2026-02-27 03:38:43','LOGIN','system',NULL,'Пользователь Сидорова Мария Сергеевна вошел в систему','127.0.0.1'),(97,3,'2026-02-27 03:39:37','LOGOUT','system',NULL,'Пользователь Сидорова Мария Сергеевна вышел из системы','127.0.0.1'),(98,3,'2026-02-27 03:39:38','LOGOUT','system',NULL,'Пользователь Сидорова Мария Сергеевна вышел из системы','127.0.0.1'),(99,3,'2026-02-27 03:40:13','LOGIN','system',NULL,'Пользователь Сидорова Мария Сергеевна вошел в систему','127.0.0.1'),(100,3,'2026-02-27 03:43:47','LOGOUT','system',NULL,'Пользователь Сидорова Мария Сергеевна вышел из системы','127.0.0.1'),(101,3,'2026-02-27 03:43:47','LOGOUT','system',NULL,'Пользователь Сидорова Мария Сергеевна вышел из системы','127.0.0.1'),(102,5,'2026-02-27 03:43:55','LOGIN','system',NULL,'Пользователь Администратор вошел в систему','127.0.0.1'),(103,5,'2026-02-27 03:44:02','SEND_TO_APPROVAL','draft',6,'Отправлен на согласование черновик ID 6','127.0.0.1'),(104,5,'2026-02-27 03:44:09','SEND_TO_APPROVAL','draft',5,'Отправлен на согласование черновик ID 5','127.0.0.1'),(105,5,'2026-02-27 03:44:13','SEND_TO_APPROVAL','draft',7,'Отправлен на согласование черновик ID 7','127.0.0.1'),(106,5,'2026-02-27 03:47:05','LOGOUT','system',NULL,'Пользователь Администратор вышел из системы','127.0.0.1'),(107,5,'2026-02-27 03:47:07','LOGOUT','system',NULL,'Пользователь Администратор вышел из системы','127.0.0.1'),(108,5,'2026-02-27 03:47:24','LOGIN','system',NULL,'Пользователь Администратор вошел в систему','127.0.0.1'),(109,5,'2026-02-27 03:47:42','APPROVE_DOCUMENT','draft',6,'Утвержден документ REPORT-20260227-6','127.0.0.1'),(110,5,'2026-02-27 03:53:51','LOGOUT','system',NULL,'Пользователь Администратор вышел из системы','127.0.0.1'),(111,5,'2026-02-27 03:53:53','LOGOUT','system',NULL,'Пользователь Администратор вышел из системы','127.0.0.1'),(112,5,'2026-02-27 03:54:01','LOGIN','system',NULL,'Пользователь Администратор вошел в систему','127.0.0.1'),(113,5,'2026-02-27 03:58:11','LOGOUT','system',NULL,'Пользователь Администратор вышел из системы','127.0.0.1'),(114,5,'2026-02-27 03:58:11','LOGOUT','system',NULL,'Пользователь Администратор вышел из системы','127.0.0.1'),(115,5,'2026-02-27 03:58:18','LOGIN','system',NULL,'Пользователь Администратор вошел в систему','127.0.0.1'),(116,5,'2026-02-27 04:01:37','LOGOUT','system',NULL,'Пользователь Администратор вышел из системы','127.0.0.1'),(117,5,'2026-02-27 04:01:39','LOGOUT','system',NULL,'Пользователь Администратор вышел из системы','127.0.0.1'),(118,5,'2026-02-27 04:01:50','LOGIN','system',NULL,'Пользователь Администратор вошел в систему','127.0.0.1'),(119,5,'2026-02-27 04:02:02','LOGOUT','system',NULL,'Пользователь Администратор вышел из системы','127.0.0.1'),(120,5,'2026-02-27 04:02:03','LOGOUT','system',NULL,'Пользователь Администратор вышел из системы','127.0.0.1'),(122,3,'2026-02-27 04:02:16','LOGIN','system',NULL,'Пользователь Сидорова Мария Сергеевна вошел в систему','127.0.0.1'),(123,3,'2026-02-27 04:02:50','SEND_TO_APPROVAL','draft',9,'Отправлен на согласование черновик ID 9','127.0.0.1'),(124,3,'2026-02-27 04:02:53','LOGOUT','system',NULL,'Пользователь Сидорова Мария Сергеевна вышел из системы','127.0.0.1'),(125,3,'2026-02-27 04:02:54','LOGOUT','system',NULL,'Пользователь Сидорова Мария Сергеевна вышел из системы','127.0.0.1'),(126,5,'2026-02-27 04:02:58','LOGIN','system',NULL,'Пользователь Администратор вошел в систему','127.0.0.1'),(127,5,'2026-02-27 04:08:17','LOGIN','system',NULL,'Пользователь Администратор вошел в систему','127.0.0.1'),(128,5,'2026-02-27 04:08:23','LOGOUT','system',NULL,'Пользователь Администратор вышел из системы','127.0.0.1'),(129,5,'2026-02-27 04:08:28','LOGOUT','system',NULL,'Пользователь Администратор вышел из системы','127.0.0.1'),(130,3,'2026-02-27 04:08:34','LOGIN','system',NULL,'Пользователь Сидорова Мария Сергеевна вошел в систему','127.0.0.1'),(131,3,'2026-02-27 04:09:12','SEND_TO_APPROVAL','draft',8,'Отправлен на согласование черновик ID 8','127.0.0.1'),(132,3,'2026-02-27 04:09:15','LOGOUT','system',NULL,'Пользователь Сидорова Мария Сергеевна вышел из системы','127.0.0.1'),(133,3,'2026-02-27 04:09:16','LOGOUT','system',NULL,'Пользователь Сидорова Мария Сергеевна вышел из системы','127.0.0.1'),(134,5,'2026-02-27 04:09:41','LOGIN','system',NULL,'Пользователь Администратор вошел в систему','127.0.0.1'),(135,3,'2026-02-27 04:12:10','LOGIN','system',NULL,'Пользователь Сидорова Мария Сергеевна вошел в систему','127.0.0.1'),(136,3,'2026-02-27 04:12:21','LOGOUT','system',NULL,'Пользователь Сидорова Мария Сергеевна вышел из системы','127.0.0.1'),(137,3,'2026-02-27 04:12:22','LOGOUT','system',NULL,'Пользователь Сидорова Мария Сергеевна вышел из системы','127.0.0.1'),(138,5,'2026-02-27 04:12:28','LOGIN','system',NULL,'Пользователь Администратор вошел в систему','127.0.0.1'),(139,5,'2026-02-27 04:12:34','LOGOUT','system',NULL,'Пользователь Администратор вышел из системы','127.0.0.1'),(140,5,'2026-02-27 04:12:35','LOGOUT','system',NULL,'Пользователь Администратор вышел из системы','127.0.0.1'),(141,3,'2026-02-27 04:13:03','LOGIN','system',NULL,'Пользователь Сидорова Мария Сергеевна вошел в систему','127.0.0.1'),(142,3,'2026-02-27 04:13:13','LOGOUT','system',NULL,'Пользователь Сидорова Мария Сергеевна вышел из системы','127.0.0.1'),(143,3,'2026-02-27 04:13:14','LOGOUT','system',NULL,'Пользователь Сидорова Мария Сергеевна вышел из системы','127.0.0.1'),(144,5,'2026-02-27 04:13:21','LOGIN','system',NULL,'Пользователь Администратор вошел в систему','127.0.0.1'),(145,5,'2026-02-27 04:13:39','SEND_TO_APPROVAL','draft',14,'Отправлен на согласование черновик ID 14','127.0.0.1'),(146,5,'2026-02-27 04:13:51','LOGOUT','system',NULL,'Пользователь Администратор вышел из системы','127.0.0.1'),(147,5,'2026-02-27 04:13:51','LOGOUT','system',NULL,'Пользователь Администратор вышел из системы','127.0.0.1'),(148,5,'2026-02-27 04:16:26','LOGIN','system',NULL,'Пользователь Администратор вошел в систему','127.0.0.1'),(149,5,'2026-02-27 04:18:11','LOGIN','system',NULL,'Пользователь Администратор вошел в систему','127.0.0.1'),(150,5,'2026-02-27 04:19:38','LOGOUT','system',NULL,'Пользователь Администратор вышел из системы','127.0.0.1'),(151,5,'2026-02-27 04:19:39','LOGOUT','system',NULL,'Пользователь Администратор вышел из системы','127.0.0.1'),(153,5,'2026-02-27 04:19:55','LOGIN','system',NULL,'Пользователь Администратор вошел в систему','127.0.0.1'),(154,5,'2026-02-27 04:21:00','LOGIN','system',NULL,'Пользователь Администратор вошел в систему','127.0.0.1'),(155,3,'2026-02-27 04:22:22','LOGIN','system',NULL,'Пользователь Сидорова Мария Сергеевна вошел в систему','127.0.0.1'),(156,3,'2026-02-27 04:22:38','SEND_TO_APPROVAL','draft',15,'Отправлен на согласование черновик ID 15','127.0.0.1'),(157,3,'2026-02-27 04:22:44','LOGOUT','system',NULL,'Пользователь Сидорова Мария Сергеевна вышел из системы','127.0.0.1'),(158,3,'2026-02-27 04:22:44','LOGOUT','system',NULL,'Пользователь Сидорова Мария Сергеевна вышел из системы','127.0.0.1'),(159,5,'2026-02-27 04:22:49','LOGIN','system',NULL,'Пользователь Администратор вошел в систему','127.0.0.1'),(160,5,'2026-02-27 04:22:58','APPROVE_DOCUMENT','draft',15,'Утвержден документ REPORT-20260227-15','127.0.0.1'),(161,5,'2026-02-27 04:23:02','VIEW_PDF','final_document',3,'Просмотр PDF: REPORT-20260227-15','127.0.0.1'),(162,5,'2026-02-27 04:23:07','LOGOUT','system',NULL,'Пользователь Администратор вышел из системы','127.0.0.1'),(163,5,'2026-02-27 04:23:09','LOGOUT','system',NULL,'Пользователь Администратор вышел из системы','127.0.0.1'),(164,3,'2026-02-27 04:26:12','LOGIN','system',NULL,'Пользователь Сидорова Мария Сергеевна вошел в систему','127.0.0.1'),(165,3,'2026-02-27 04:31:20','LOGOUT','system',NULL,'Пользователь Сидорова Мария Сергеевна вышел из системы','127.0.0.1'),(166,3,'2026-02-27 04:31:21','LOGOUT','system',NULL,'Пользователь Сидорова Мария Сергеевна вышел из системы','127.0.0.1'),(167,5,'2026-02-27 04:31:29','LOGIN','system',NULL,'Пользователь Администратор вошел в систему','127.0.0.1'),(168,5,'2026-02-27 04:31:35','SEND_TO_APPROVAL','draft',23,'Отправлен на согласование черновик ID 23','127.0.0.1'),(169,5,'2026-02-27 04:31:44','APPROVE_DOCUMENT','draft',23,'Утвержден документ ACT-20260227-23','127.0.0.1'),(170,5,'2026-02-27 04:31:49','VIEW_PDF','final_document',4,'Просмотр PDF: ACT-20260227-23','127.0.0.1'),(171,5,'2026-02-27 04:36:02','LOGOUT','system',NULL,'Пользователь Администратор вышел из системы','127.0.0.1'),(172,5,'2026-02-27 04:36:03','LOGOUT','system',NULL,'Пользователь Администратор вышел из системы','127.0.0.1'),(173,1,'2026-02-27 04:38:02','LOGIN','system',NULL,'Пользователь Иванов Иван Иванович вошел в систему','127.0.0.1'),(174,1,'2026-02-27 04:39:08','LOGOUT','system',NULL,'Пользователь Иванов Иван Иванович вышел из системы','127.0.0.1'),(175,1,'2026-02-27 04:39:09','LOGOUT','system',NULL,'Пользователь Иванов Иван Иванович вышел из системы','127.0.0.1'),(176,5,'2026-02-27 04:43:13','LOGIN','system',NULL,'Пользователь Администратор вошел в систему','127.0.0.1'),(177,5,'2026-02-27 04:50:54','LOGOUT','system',NULL,'Пользователь Администратор вышел из системы','127.0.0.1'),(178,5,'2026-02-27 04:50:55','LOGOUT','system',NULL,'Пользователь Администратор вышел из системы','127.0.0.1'),(179,5,'2026-02-27 05:05:20','LOGIN','system',NULL,'Пользователь Администратор вошел в систему','127.0.0.1'),(180,5,'2026-02-27 05:05:29','LOGOUT','system',NULL,'Пользователь Администратор вышел из системы','127.0.0.1'),(181,5,'2026-02-27 05:05:30','LOGOUT','system',NULL,'Пользователь Администратор вышел из системы','127.0.0.1'),(182,5,'2026-02-27 05:08:48','LOGIN','system',NULL,'Пользователь Администратор вошел в систему','127.0.0.1'),(183,5,'2026-02-27 05:09:15','CREATE','project',3,'Создан проект П-20260227-050915','127.0.0.1'),(184,5,'2026-02-27 05:09:18','LOGOUT','system',NULL,'Пользователь Администратор вышел из системы','127.0.0.1'),(185,5,'2026-02-27 05:09:18','LOGOUT','system',NULL,'Пользователь Администратор вышел из системы','127.0.0.1'),(186,1,'2026-02-27 05:09:24','LOGIN','system',NULL,'Пользователь Иванов Иван Иванович вошел в систему','127.0.0.1'),(187,1,'2026-02-27 05:10:17','UPLOAD_RESULTS','project',3,'Загружены результаты обследования, файлов: 1','127.0.0.1'),(188,1,'2026-02-27 05:10:21','LOGOUT','system',NULL,'Пользователь Иванов Иван Иванович вышел из системы','127.0.0.1'),(189,1,'2026-02-27 05:10:21','LOGOUT','system',NULL,'Пользователь Иванов Иван Иванович вышел из системы','127.0.0.1'),(190,3,'2026-02-27 05:10:27','LOGIN','system',NULL,'Пользователь Сидорова Мария Сергеевна вошел в систему','127.0.0.1'),(191,3,'2026-02-27 05:16:32','LOGOUT','system',NULL,'Пользователь Сидорова Мария Сергеевна вышел из системы','127.0.0.1'),(192,3,'2026-02-27 05:16:33','LOGOUT','system',NULL,'Пользователь Сидорова Мария Сергеевна вышел из системы','127.0.0.1'),(193,3,'2026-02-27 05:16:46','LOGIN','system',NULL,'Пользователь Сидорова Мария Сергеевна вошел в систему','127.0.0.1'),(194,3,'2026-02-27 05:17:38','LOGOUT','system',NULL,'Пользователь Сидорова Мария Сергеевна вышел из системы','127.0.0.1'),(195,3,'2026-02-27 05:17:40','LOGOUT','system',NULL,'Пользователь Сидорова Мария Сергеевна вышел из системы','127.0.0.1'),(196,3,'2026-02-27 05:18:04','LOGIN','system',NULL,'Пользователь Сидорова Мария Сергеевна вошел в систему','127.0.0.1'),(197,3,'2026-02-27 05:18:50','LOGOUT','system',NULL,'Пользователь Сидорова Мария Сергеевна вышел из системы','127.0.0.1'),(198,3,'2026-02-27 05:18:51','LOGOUT','system',NULL,'Пользователь Сидорова Мария Сергеевна вышел из системы','127.0.0.1'),(199,3,'2026-02-27 05:19:00','LOGIN','system',NULL,'Пользователь Сидорова Мария Сергеевна вошел в систему','127.0.0.1'),(200,3,'2026-02-27 05:19:21','LOGOUT','system',NULL,'Пользователь Сидорова Мария Сергеевна вышел из системы','127.0.0.1'),(201,3,'2026-02-27 05:19:22','LOGOUT','system',NULL,'Пользователь Сидорова Мария Сергеевна вышел из системы','127.0.0.1'),(202,1,'2026-02-27 14:19:35','LOGIN','system',NULL,'Пользователь Иванов Иван Иванович вошел в систему','127.0.0.1'),(203,1,'2026-02-27 14:21:29','LOGIN','system',NULL,'Пользователь Иванов Иван Иванович вошел в систему','127.0.0.1'),(204,1,'2026-02-27 14:27:52','LOGIN','system',NULL,'Пользователь Иванов Иван Иванович вошел в систему','127.0.0.1'),(205,5,'2026-02-27 16:00:39','LOGIN','system',NULL,'Пользователь Администратор вошел в систему','127.0.0.1'),(206,5,'2026-02-27 16:00:57','LOGOUT','system',NULL,'Пользователь Администратор вышел из системы','127.0.0.1'),(207,5,'2026-02-27 16:00:57','LOGOUT','system',NULL,'Пользователь Администратор вышел из системы','127.0.0.1'),(208,1,'2026-02-27 16:01:03','LOGIN','system',NULL,'Пользователь Иванов Иван Иванович вошел в систему','127.0.0.1'),(209,1,'2026-02-27 16:05:53','LOGOUT','system',NULL,'Пользователь Иванов Иван Иванович вышел из системы','127.0.0.1'),(210,1,'2026-02-27 16:05:54','LOGOUT','system',NULL,'Пользователь Иванов Иван Иванович вышел из системы','127.0.0.1'),(211,1,'2026-02-27 16:06:03','LOGIN','system',NULL,'Пользователь Иванов Иван Иванович вошел в систему','127.0.0.1'),(212,1,'2026-02-27 16:06:36','LOGOUT','system',NULL,'Пользователь Иванов Иван Иванович вышел из системы','127.0.0.1'),(213,1,'2026-02-27 16:06:36','LOGOUT','system',NULL,'Пользователь Иванов Иван Иванович вышел из системы','127.0.0.1'),(214,1,'2026-02-27 16:29:26','LOGIN','system',NULL,'Пользователь Иванов Иван Иванович вошел в систему','127.0.0.1'),(215,1,'2026-02-27 16:31:07','LOGOUT','system',NULL,'Пользователь Иванов Иван Иванович вышел из системы','127.0.0.1'),(216,1,'2026-02-27 16:31:09','LOGOUT','system',NULL,'Пользователь Иванов Иван Иванович вышел из системы','127.0.0.1'),(217,1,'2026-02-27 16:31:21','LOGIN','system',NULL,'Пользователь Иванов Иван Иванович вошел в систему','127.0.0.1'),(218,1,'2026-02-27 16:31:27','LOGOUT','system',NULL,'Пользователь Иванов Иван Иванович вышел из системы','127.0.0.1'),(219,1,'2026-02-27 16:31:28','LOGOUT','system',NULL,'Пользователь Иванов Иван Иванович вышел из системы','127.0.0.1'),(220,1,'2026-02-27 16:34:43','LOGIN','system',NULL,'Пользователь Иванов Иван Иванович вошел в систему','127.0.0.1'),(221,1,'2026-02-27 16:35:38','UPLOAD_RESULTS','project',1,'Загружены результаты обследования, файлов: 1','127.0.0.1'),(222,1,'2026-02-27 16:36:27','LOGOUT','system',NULL,'Пользователь Иванов Иван Иванович вышел из системы','127.0.0.1'),(223,1,'2026-02-27 16:36:31','LOGOUT','system',NULL,'Пользователь Иванов Иван Иванович вышел из системы','127.0.0.1'),(224,3,'2026-02-27 16:36:37','LOGIN','system',NULL,'Пользователь Сидорова Мария Сергеевна вошел в систему','127.0.0.1'),(225,3,'2026-02-27 16:38:36','CREATE','project',4,'Создан проект П-20260227-163836','127.0.0.1'),(226,3,'2026-02-27 16:38:38','LOGOUT','system',NULL,'Пользователь Сидорова Мария Сергеевна вышел из системы','127.0.0.1'),(227,3,'2026-02-27 16:38:39','LOGOUT','system',NULL,'Пользователь Сидорова Мария Сергеевна вышел из системы','127.0.0.1'),(228,1,'2026-02-27 16:38:43','LOGIN','system',NULL,'Пользователь Иванов Иван Иванович вошел в систему','127.0.0.1'),(229,1,'2026-02-27 16:39:58','UPLOAD_RESULTS','project',4,'Загружены результаты обследования, файлов: 1','127.0.0.1'),(230,1,'2026-02-27 16:40:16','LOGOUT','system',NULL,'Пользователь Иванов Иван Иванович вышел из системы','127.0.0.1'),(231,1,'2026-02-27 16:40:20','LOGOUT','system',NULL,'Пользователь Иванов Иван Иванович вышел из системы','127.0.0.1'),(232,3,'2026-02-27 16:40:27','LOGIN','system',NULL,'Пользователь Сидорова Мария Сергеевна вошел в систему','127.0.0.1'),(233,3,'2026-02-27 17:20:03','LOGIN','system',NULL,'Пользователь Сидорова Мария Сергеевна вошел в систему','127.0.0.1'),(234,3,'2026-02-27 17:46:40','SEND_TO_APPROVAL','draft',41,'Отправлен на согласование черновик ID 41','127.0.0.1'),(235,3,'2026-02-27 17:46:43','SEND_TO_APPROVAL','draft',40,'Отправлен на согласование черновик ID 40','127.0.0.1'),(236,3,'2026-02-27 17:46:45','SEND_TO_APPROVAL','draft',42,'Отправлен на согласование черновик ID 42','127.0.0.1'),(237,3,'2026-02-27 17:46:52','LOGOUT','system',NULL,'Пользователь Сидорова Мария Сергеевна вышел из системы','127.0.0.1'),(238,3,'2026-02-27 17:46:56','LOGOUT','system',NULL,'Пользователь Сидорова Мария Сергеевна вышел из системы','127.0.0.1'),(239,5,'2026-02-27 17:47:04','LOGIN','system',NULL,'Пользователь Администратор вошел в систему','127.0.0.1'),(240,5,'2026-02-27 17:47:19','APPROVE_DOCUMENT','draft',42,'Утвержден документ CONCLUSION-20260227-42','127.0.0.1'),(241,5,'2026-02-27 17:47:30','APPROVE_DOCUMENT','draft',41,'Утвержден документ REPORT-20260227-41','127.0.0.1'),(242,5,'2026-02-27 17:47:39','REJECT_DOCUMENT','draft',40,'Документ отклонен: Переделать','127.0.0.1'),(243,5,'2026-02-27 17:47:58','VIEW_PDF','final_document',5,'Просмотр PDF: CONCLUSION-20260227-42','127.0.0.1'),(244,5,'2026-02-27 17:48:07','LOGOUT','system',NULL,'Пользователь Администратор вышел из системы','127.0.0.1'),(245,5,'2026-02-27 17:48:08','LOGOUT','system',NULL,'Пользователь Администратор вышел из системы','127.0.0.1'),(246,1,'2026-02-27 18:21:34','LOGIN','system',NULL,'Пользователь Иванов Иван Иванович вошел в систему','127.0.0.1'),(247,1,'2026-02-27 18:26:52','LOGIN','system',NULL,'Пользователь Иванов Иван Иванович вошел в систему','127.0.0.1'),(248,1,'2026-02-27 18:27:16','LOGOUT','system',NULL,'Пользователь Иванов Иван Иванович вышел из системы','127.0.0.1'),(249,1,'2026-02-27 18:27:16','LOGOUT','system',NULL,'Пользователь Иванов Иван Иванович вышел из системы','127.0.0.1'),(250,1,'2026-02-27 18:29:35','LOGIN','system',NULL,'Пользователь Иванов Иван Иванович вошел в систему','127.0.0.1'),(251,1,'2026-02-27 18:44:27','LOGOUT','system',NULL,'Пользователь Иванов Иван Иванович вышел из системы','127.0.0.1'),(252,1,'2026-02-27 18:44:28','LOGOUT','system',NULL,'Пользователь Иванов Иван Иванович вышел из системы','127.0.0.1'),(253,3,'2026-02-27 18:46:28','LOGIN','system',NULL,'Пользователь Сидорова Мария Сергеевна вошел в систему','127.0.0.1'),(254,3,'2026-02-27 18:48:27','CREATE','project',5,'Создан проект П-20260227-184827','127.0.0.1'),(255,3,'2026-02-27 18:52:00','LOGOUT','system',NULL,'Пользователь Сидорова Мария Сергеевна вышел из системы','127.0.0.1'),(256,3,'2026-02-27 18:52:01','LOGOUT','system',NULL,'Пользователь Сидорова Мария Сергеевна вышел из системы','127.0.0.1'),(257,1,'2026-02-27 18:52:10','LOGIN','system',NULL,'Пользователь Иванов Иван Иванович вошел в систему','127.0.0.1'),(258,1,'2026-02-27 18:55:42','UPLOAD_RESULTS','project',5,'Загружены результаты обследования, файлов: 0','127.0.0.1'),(259,1,'2026-02-27 18:57:58','LOGOUT','system',NULL,'Пользователь Иванов Иван Иванович вышел из системы','127.0.0.1'),(260,1,'2026-02-27 18:57:58','LOGOUT','system',NULL,'Пользователь Иванов Иван Иванович вышел из системы','127.0.0.1'),(261,3,'2026-02-27 19:10:22','LOGIN','system',NULL,'Пользователь Сидорова Мария Сергеевна вошел в систему','127.0.0.1'),(262,3,'2026-02-27 19:11:14','LOGOUT','system',NULL,'Пользователь Сидорова Мария Сергеевна вышел из системы','127.0.0.1'),(263,3,'2026-02-27 19:11:14','LOGOUT','system',NULL,'Пользователь Сидорова Мария Сергеевна вышел из системы','127.0.0.1'),(264,4,'2026-02-27 19:13:07','LOGIN','system',NULL,'Пользователь Смирнов Алексей Владимирович вошел в систему','127.0.0.1'),(265,4,'2026-02-27 19:13:42','LOGOUT','system',NULL,'Пользователь Смирнов Алексей Владимирович вышел из системы','127.0.0.1'),(266,4,'2026-02-27 19:13:51','LOGIN','system',NULL,'Пользователь Смирнов Алексей Владимирович вошел в систему','127.0.0.1'),(267,4,'2026-02-27 19:14:07','LOGOUT','system',NULL,'Пользователь Смирнов Алексей Владимирович вышел из системы','127.0.0.1'),(268,4,'2026-02-27 19:14:07','LOGOUT','system',NULL,'Пользователь Смирнов Алексей Владимирович вышел из системы','127.0.0.1'),(269,5,'2026-02-27 19:14:14','LOGIN','system',NULL,'Пользователь Администратор вошел в систему','127.0.0.1'),(270,5,'2026-02-27 19:14:32','SEND_TO_APPROVAL','draft',28,'Отправлен на согласование черновик ID 28','127.0.0.1'),(271,5,'2026-02-27 19:14:34','LOGOUT','system',NULL,'Пользователь Администратор вышел из системы','127.0.0.1'),(272,5,'2026-02-27 19:14:34','LOGOUT','system',NULL,'Пользователь Администратор вышел из системы','127.0.0.1'),(273,4,'2026-02-27 19:14:39','LOGIN','system',NULL,'Пользователь Смирнов Алексей Владимирович вошел в систему','127.0.0.1'),(274,4,'2026-02-27 19:15:33','VIEW_PDF','final_document',5,'Просмотр PDF: CONCLUSION-20260227-42','127.0.0.1'),(275,4,'2026-02-27 19:16:46','LOGOUT','system',NULL,'Пользователь Смирнов Алексей Владимирович вышел из системы','127.0.0.1'),(276,4,'2026-02-27 19:16:47','LOGOUT','system',NULL,'Пользователь Смирнов Алексей Владимирович вышел из системы','127.0.0.1'),(277,5,'2026-02-27 20:34:28','LOGIN','system',NULL,'Пользователь Администратор вошел в систему','127.0.0.1'),(278,5,'2026-02-27 20:35:06','LOGIN','system',NULL,'Пользователь Администратор вошел в систему','127.0.0.1'),(279,5,'2026-02-27 20:35:19','LOGOUT','system',NULL,'Пользователь Администратор вышел из системы','127.0.0.1'),(280,5,'2026-02-27 20:35:20','LOGOUT','system',NULL,'Пользователь Администратор вышел из системы','127.0.0.1'),(281,1,'2026-02-27 20:35:41','LOGIN','system',NULL,'Пользователь Иванов Иван Иванович вошел в систему','127.0.0.1'),(282,1,'2026-02-27 20:35:47','LOGOUT','system',NULL,'Пользователь Иванов Иван Иванович вышел из системы','127.0.0.1'),(283,1,'2026-02-27 20:35:47','LOGOUT','system',NULL,'Пользователь Иванов Иван Иванович вышел из системы','127.0.0.1'),(284,1,'2026-02-27 20:36:50','LOGIN','system',NULL,'Пользователь Иванов Иван Иванович вошел в систему','127.0.0.1'),(285,1,'2026-02-27 20:37:00','LOGOUT','system',NULL,'Пользователь Иванов Иван Иванович вышел из системы','127.0.0.1'),(286,1,'2026-02-27 20:37:01','LOGOUT','system',NULL,'Пользователь Иванов Иван Иванович вышел из системы','127.0.0.1'),(287,1,'2026-02-27 20:38:20','LOGIN','system',NULL,'Пользователь Иванов Иван Иванович вошел в систему','127.0.0.1'),(288,1,'2026-02-27 20:38:35','LOGOUT','system',NULL,'Пользователь Иванов Иван Иванович вышел из системы','127.0.0.1'),(289,1,'2026-02-27 20:38:36','LOGOUT','system',NULL,'Пользователь Иванов Иван Иванович вышел из системы','127.0.0.1'),(290,5,'2026-03-10 02:13:04','LOGIN','system',NULL,'Пользователь Администратор вошел в систему','127.0.0.1'),(291,5,'2026-03-10 16:27:02','LOGIN','system',NULL,'Пользователь Администратор вошел в систему','127.0.0.1'),(292,5,'2026-03-10 16:27:18','LOGOUT','system',NULL,'Пользователь Администратор вышел из системы','127.0.0.1'),(293,5,'2026-03-10 16:27:19','LOGOUT','system',NULL,'Пользователь Администратор вышел из системы','127.0.0.1'),(294,5,'2026-03-10 16:29:51','LOGIN','system',NULL,'Пользователь Администратор вошел в систему','127.0.0.1'),(295,5,'2026-03-10 16:30:35','LOGOUT','system',NULL,'Пользователь Администратор вышел из системы','127.0.0.1'),(296,5,'2026-03-10 16:30:37','LOGOUT','system',NULL,'Пользователь Администратор вышел из системы','127.0.0.1'),(297,5,'2026-03-10 16:31:53','LOGIN','system',NULL,'Пользователь Администратор вошел в систему','127.0.0.1'),(298,5,'2026-03-10 16:32:04','LOGOUT','system',NULL,'Пользователь Администратор вышел из системы','127.0.0.1'),(299,5,'2026-03-10 16:32:06','LOGOUT','system',NULL,'Пользователь Администратор вышел из системы','127.0.0.1'),(300,5,'2026-03-10 16:36:16','LOGIN','system',NULL,'Пользователь Администратор вошел в систему','127.0.0.1'),(301,5,'2026-03-10 18:54:35','LOGOUT','system',NULL,'Пользователь Администратор вышел из системы','127.0.0.1'),(302,5,'2026-03-10 18:54:36','LOGOUT','system',NULL,'Пользователь Администратор вышел из системы','127.0.0.1');
/*!40000 ALTER TABLE `audit_log` ENABLE KEYS */;
UNLOCK TABLES;

--
-- Table structure for table `customers`
--

DROP TABLE IF EXISTS `customers`;
/*!40101 SET @saved_cs_client     = @@character_set_client */;
/*!50503 SET character_set_client = utf8mb4 */;
CREATE TABLE `customers` (
  `id` int NOT NULL AUTO_INCREMENT,
  `name` varchar(255) COLLATE utf8mb4_unicode_ci NOT NULL,
  `inn` varchar(12) COLLATE utf8mb4_unicode_ci DEFAULT NULL,
  `contact_person` varchar(255) COLLATE utf8mb4_unicode_ci DEFAULT NULL,
  `phone` varchar(20) COLLATE utf8mb4_unicode_ci DEFAULT NULL,
  `email` varchar(100) COLLATE utf8mb4_unicode_ci DEFAULT NULL,
  PRIMARY KEY (`id`)
) ENGINE=InnoDB AUTO_INCREMENT=8 DEFAULT CHARSET=utf8mb4 COLLATE=utf8mb4_unicode_ci;
/*!40101 SET character_set_client = @saved_cs_client */;

--
-- Dumping data for table `customers`
--

LOCK TABLES `customers` WRITE;
/*!40000 ALTER TABLE `customers` DISABLE KEYS */;
INSERT INTO `customers` VALUES (1,'ООО \"Ромашка\"','7701123456','Петров П.А.','+7(495)123-45-67','info@romashka.ru'),(2,'АО \"ТехноСервис\"','7702765432','Сидоров С.С.','+7(495)765-43-21','info@techno.ru'),(3,'ООО \"СтройИнвест\"','7701987654','Иванов И.И.','+7(495)987-65-43','stroi@invest.com'),(4,'ООО \"Ромашка\"','7701123456','Петров П.А.','+7(495)123-45-67','info@romashka.ru'),(5,'АО \"ТехноСервис\"','7702765432','Сидоров С.С.','+7(495)765-43-21','info@techno.ru'),(6,'ООО \"СтройИнвест\"','7701987654','Иванов И.И.','+7(495)987-65-43','stroi@invest.com');
/*!40000 ALTER TABLE `customers` ENABLE KEYS */;
UNLOCK TABLES;

--
-- Table structure for table `drafts`
--

DROP TABLE IF EXISTS `drafts`;
/*!40101 SET @saved_cs_client     = @@character_set_client */;
/*!50503 SET character_set_client = utf8mb4 */;
CREATE TABLE `drafts` (
  `id` int NOT NULL AUTO_INCREMENT,
  `project_id` int NOT NULL,
  `doc_type` enum('act','report','conclusion') COLLATE utf8mb4_unicode_ci NOT NULL,
  `template_id` int DEFAULT NULL,
  `file_path` varchar(255) COLLATE utf8mb4_unicode_ci DEFAULT NULL,
  `content` text COLLATE utf8mb4_unicode_ci,
  `version` int DEFAULT '1',
  `status_id` int DEFAULT '1',
  `create_date` datetime NOT NULL,
  `modify_date` datetime DEFAULT NULL,
  `author_id` int NOT NULL,
  PRIMARY KEY (`id`),
  KEY `project_id` (`project_id`),
  KEY `template_id` (`template_id`),
  KEY `status_id` (`status_id`),
  KEY `author_id` (`author_id`),
  CONSTRAINT `drafts_ibfk_1` FOREIGN KEY (`project_id`) REFERENCES `projects` (`id`),
  CONSTRAINT `drafts_ibfk_2` FOREIGN KEY (`template_id`) REFERENCES `templates` (`id`),
  CONSTRAINT `drafts_ibfk_3` FOREIGN KEY (`status_id`) REFERENCES `statuses` (`id`),
  CONSTRAINT `drafts_ibfk_4` FOREIGN KEY (`author_id`) REFERENCES `employees` (`id`)
) ENGINE=InnoDB AUTO_INCREMENT=43 DEFAULT CHARSET=utf8mb4 COLLATE=utf8mb4_unicode_ci;
/*!40101 SET character_set_client = @saved_cs_client */;

--
-- Dumping data for table `drafts`
--

LOCK TABLES `drafts` WRITE;
/*!40000 ALTER TABLE `drafts` DISABLE KEYS */;
INSERT INTO `drafts` VALUES (28,3,'act',5,'drafts\\act_П-20260227-050915_20260227_051522.docx',NULL,1,2,'2026-02-27 05:15:22',NULL,3),(29,3,'report',6,'drafts\\report_П-20260227-050915_20260227_051522.docx',NULL,1,1,'2026-02-27 05:15:22',NULL,3),(40,4,'act',5,'drafts\\act_П-20260227-163836_20260227_174456.docx',NULL,1,1,'2026-02-27 17:44:56',NULL,3),(41,4,'report',6,'drafts\\report_П-20260227-163836_20260227_174456.docx',NULL,1,3,'2026-02-27 17:44:57',NULL,3),(42,4,'conclusion',7,'drafts\\conclusion_П-20260227-163836_20260227_174457.docx',NULL,1,3,'2026-02-27 17:44:58',NULL,3);
/*!40000 ALTER TABLE `drafts` ENABLE KEYS */;
UNLOCK TABLES;

--
-- Table structure for table `employees`
--

DROP TABLE IF EXISTS `employees`;
/*!40101 SET @saved_cs_client     = @@character_set_client */;
/*!50503 SET character_set_client = utf8mb4 */;
CREATE TABLE `employees` (
  `id` int NOT NULL AUTO_INCREMENT,
  `full_name` varchar(255) COLLATE utf8mb4_unicode_ci NOT NULL,
  `position` varchar(100) COLLATE utf8mb4_unicode_ci DEFAULT NULL,
  `role` enum('admin','director','expert','specialist') COLLATE utf8mb4_unicode_ci NOT NULL,
  `login` varchar(50) COLLATE utf8mb4_unicode_ci NOT NULL,
  `password_hash` varchar(255) COLLATE utf8mb4_unicode_ci NOT NULL,
  `contacts` varchar(255) COLLATE utf8mb4_unicode_ci DEFAULT NULL,
  PRIMARY KEY (`id`),
  UNIQUE KEY `login` (`login`)
) ENGINE=InnoDB AUTO_INCREMENT=7 DEFAULT CHARSET=utf8mb4 COLLATE=utf8mb4_unicode_ci;
/*!40101 SET character_set_client = @saved_cs_client */;

--
-- Dumping data for table `employees`
--

LOCK TABLES `employees` WRITE;
/*!40000 ALTER TABLE `employees` DISABLE KEYS */;
INSERT INTO `employees` VALUES (1,'Иванов Иван Иванович','Эксперт','expert','ivanov','5f4dcc3b5aa765d61d8327deb882cf99','ivanov@expertiza.ru'),(2,'Петров Петр Петрович','Эксперт','expert','petrov','5f4dcc3b5aa765d61d8327deb882cf99','petrov@expertiza.ru'),(3,'Сидорова Мария Сергеевна','Специалист по документации','specialist','sidorova','5f4dcc3b5aa765d61d8327deb882cf99','sidorova@expertiza.ru'),(4,'Смирнов Алексей Владимирович','Директор','director','smirnov','5f4dcc3b5aa765d61d8327deb882cf99','smirnov@expertiza.ru'),(5,'Администратор','Системный администратор','admin','admin','5f4dcc3b5aa765d61d8327deb882cf99','admin@expertiza.ru');
/*!40000 ALTER TABLE `employees` ENABLE KEYS */;
UNLOCK TABLES;

--
-- Table structure for table `exam_conditions`
--

DROP TABLE IF EXISTS `exam_conditions`;
/*!40101 SET @saved_cs_client     = @@character_set_client */;
/*!50503 SET character_set_client = utf8mb4 */;
CREATE TABLE `exam_conditions` (
  `id` int NOT NULL AUTO_INCREMENT,
  `result_id` int NOT NULL,
  `air_temperature` varchar(20) COLLATE utf8mb4_unicode_ci DEFAULT NULL,
  `humidity` varchar(20) COLLATE utf8mb4_unicode_ci DEFAULT NULL,
  `light_level` varchar(20) COLLATE utf8mb4_unicode_ci DEFAULT NULL,
  `operator_name` varchar(255) COLLATE utf8mb4_unicode_ci DEFAULT NULL,
  `operator_cert` varchar(100) COLLATE utf8mb4_unicode_ci DEFAULT NULL,
  `operator_level` varchar(50) COLLATE utf8mb4_unicode_ci DEFAULT NULL,
  PRIMARY KEY (`id`),
  KEY `result_id` (`result_id`),
  CONSTRAINT `exam_conditions_ibfk_1` FOREIGN KEY (`result_id`) REFERENCES `results` (`id`) ON DELETE CASCADE
) ENGINE=InnoDB AUTO_INCREMENT=4 DEFAULT CHARSET=utf8mb4 COLLATE=utf8mb4_unicode_ci;
/*!40101 SET character_set_client = @saved_cs_client */;

--
-- Dumping data for table `exam_conditions`
--

LOCK TABLES `exam_conditions` WRITE;
/*!40000 ALTER TABLE `exam_conditions` DISABLE KEYS */;
INSERT INTO `exam_conditions` VALUES (1,4,'321','231','123','Иванов Иван Иванович','123123','II уровень'),(2,5,'123','123','123','Иванов Иван Иванович','12312','III уровень'),(3,6,'','','','Иванов Иван Иванович','','');
/*!40000 ALTER TABLE `exam_conditions` ENABLE KEYS */;
UNLOCK TABLES;

--
-- Table structure for table `exam_defects`
--

DROP TABLE IF EXISTS `exam_defects`;
/*!40101 SET @saved_cs_client     = @@character_set_client */;
/*!50503 SET character_set_client = utf8mb4 */;
CREATE TABLE `exam_defects` (
  `id` int NOT NULL AUTO_INCREMENT,
  `result_id` int NOT NULL,
  `defect_type` varchar(255) COLLATE utf8mb4_unicode_ci DEFAULT NULL,
  `defect_size` varchar(50) COLLATE utf8mb4_unicode_ci DEFAULT NULL,
  `coordinates` varchar(255) COLLATE utf8mb4_unicode_ci DEFAULT NULL,
  `criticality` varchar(50) COLLATE utf8mb4_unicode_ci DEFAULT NULL,
  `note` varchar(255) COLLATE utf8mb4_unicode_ci DEFAULT NULL,
  PRIMARY KEY (`id`),
  KEY `idx_exam_defects_result` (`result_id`),
  CONSTRAINT `exam_defects_ibfk_1` FOREIGN KEY (`result_id`) REFERENCES `results` (`id`) ON DELETE CASCADE
) ENGINE=InnoDB AUTO_INCREMENT=2 DEFAULT CHARSET=utf8mb4 COLLATE=utf8mb4_unicode_ci;
/*!40101 SET character_set_client = @saved_cs_client */;

--
-- Dumping data for table `exam_defects`
--

LOCK TABLES `exam_defects` WRITE;
/*!40000 ALTER TABLE `exam_defects` DISABLE KEYS */;
INSERT INTO `exam_defects` VALUES (1,4,'','','','','');
/*!40000 ALTER TABLE `exam_defects` ENABLE KEYS */;
UNLOCK TABLES;

--
-- Table structure for table `exam_equipment`
--

DROP TABLE IF EXISTS `exam_equipment`;
/*!40101 SET @saved_cs_client     = @@character_set_client */;
/*!50503 SET character_set_client = utf8mb4 */;
CREATE TABLE `exam_equipment` (
  `id` int NOT NULL AUTO_INCREMENT,
  `result_id` int NOT NULL,
  `device1_name` varchar(255) COLLATE utf8mb4_unicode_ci DEFAULT NULL,
  `device1_sn` varchar(100) COLLATE utf8mb4_unicode_ci DEFAULT NULL,
  `device1_date` varchar(50) COLLATE utf8mb4_unicode_ci DEFAULT NULL,
  `device2_name` varchar(255) COLLATE utf8mb4_unicode_ci DEFAULT NULL,
  `device2_sn` varchar(100) COLLATE utf8mb4_unicode_ci DEFAULT NULL,
  `device2_date` varchar(50) COLLATE utf8mb4_unicode_ci DEFAULT NULL,
  `measurement_error` varchar(50) COLLATE utf8mb4_unicode_ci DEFAULT NULL,
  PRIMARY KEY (`id`),
  KEY `result_id` (`result_id`),
  CONSTRAINT `exam_equipment_ibfk_1` FOREIGN KEY (`result_id`) REFERENCES `results` (`id`) ON DELETE CASCADE
) ENGINE=InnoDB AUTO_INCREMENT=4 DEFAULT CHARSET=utf8mb4 COLLATE=utf8mb4_unicode_ci;
/*!40101 SET character_set_client = @saved_cs_client */;

--
-- Dumping data for table `exam_equipment`
--

LOCK TABLES `exam_equipment` WRITE;
/*!40000 ALTER TABLE `exam_equipment` DISABLE KEYS */;
INSERT INTO `exam_equipment` VALUES (1,4,'123','123','321','123','123','312','123'),(2,5,'123','123','123','123','123123','123','123'),(3,6,'','','','','','','');
/*!40000 ALTER TABLE `exam_equipment` ENABLE KEYS */;
UNLOCK TABLES;

--
-- Table structure for table `exam_file_captions`
--

DROP TABLE IF EXISTS `exam_file_captions`;
/*!40101 SET @saved_cs_client     = @@character_set_client */;
/*!50503 SET character_set_client = utf8mb4 */;
CREATE TABLE `exam_file_captions` (
  `id` int NOT NULL AUTO_INCREMENT,
  `result_id` int NOT NULL,
  `file_name` varchar(255) COLLATE utf8mb4_unicode_ci DEFAULT NULL,
  `caption` text COLLATE utf8mb4_unicode_ci,
  PRIMARY KEY (`id`),
  KEY `result_id` (`result_id`),
  CONSTRAINT `exam_file_captions_ibfk_1` FOREIGN KEY (`result_id`) REFERENCES `results` (`id`) ON DELETE CASCADE
) ENGINE=InnoDB DEFAULT CHARSET=utf8mb4 COLLATE=utf8mb4_unicode_ci;
/*!40101 SET character_set_client = @saved_cs_client */;

--
-- Dumping data for table `exam_file_captions`
--

LOCK TABLES `exam_file_captions` WRITE;
/*!40000 ALTER TABLE `exam_file_captions` DISABLE KEYS */;
/*!40000 ALTER TABLE `exam_file_captions` ENABLE KEYS */;
UNLOCK TABLES;

--
-- Table structure for table `exam_materials`
--

DROP TABLE IF EXISTS `exam_materials`;
/*!40101 SET @saved_cs_client     = @@character_set_client */;
/*!50503 SET character_set_client = utf8mb4 */;
CREATE TABLE `exam_materials` (
  `id` int NOT NULL AUTO_INCREMENT,
  `result_id` int NOT NULL,
  `body_material` varchar(255) COLLATE utf8mb4_unicode_ci DEFAULT NULL,
  `bottom_material` varchar(255) COLLATE utf8mb4_unicode_ci DEFAULT NULL,
  `fastener_material` varchar(255) COLLATE utf8mb4_unicode_ci DEFAULT NULL,
  `welding_type` varchar(255) COLLATE utf8mb4_unicode_ci DEFAULT NULL,
  `welding_materials` varchar(255) COLLATE utf8mb4_unicode_ci DEFAULT NULL,
  `heat_treatment` varchar(255) COLLATE utf8mb4_unicode_ci DEFAULT NULL,
  PRIMARY KEY (`id`),
  KEY `result_id` (`result_id`),
  CONSTRAINT `exam_materials_ibfk_1` FOREIGN KEY (`result_id`) REFERENCES `results` (`id`) ON DELETE CASCADE
) ENGINE=InnoDB AUTO_INCREMENT=4 DEFAULT CHARSET=utf8mb4 COLLATE=utf8mb4_unicode_ci;
/*!40101 SET character_set_client = @saved_cs_client */;

--
-- Dumping data for table `exam_materials`
--

LOCK TABLES `exam_materials` WRITE;
/*!40000 ALTER TABLE `exam_materials` DISABLE KEYS */;
INSERT INTO `exam_materials` VALUES (1,4,'2','2','3','2','1','12'),(2,5,'3','3','3','33','3','3'),(3,6,'','','','','','');
/*!40000 ALTER TABLE `exam_materials` ENABLE KEYS */;
UNLOCK TABLES;

--
-- Table structure for table `exam_measurement_stats`
--

DROP TABLE IF EXISTS `exam_measurement_stats`;
/*!40101 SET @saved_cs_client     = @@character_set_client */;
/*!50503 SET character_set_client = utf8mb4 */;
CREATE TABLE `exam_measurement_stats` (
  `id` int NOT NULL AUTO_INCREMENT,
  `result_id` int NOT NULL,
  `min_thickness` varchar(20) COLLATE utf8mb4_unicode_ci DEFAULT NULL,
  `max_thickness` varchar(20) COLLATE utf8mb4_unicode_ci DEFAULT NULL,
  `avg_thickness` varchar(20) COLLATE utf8mb4_unicode_ci DEFAULT NULL,
  `corrosion_rate` varchar(20) COLLATE utf8mb4_unicode_ci DEFAULT NULL,
  PRIMARY KEY (`id`),
  KEY `result_id` (`result_id`),
  CONSTRAINT `exam_measurement_stats_ibfk_1` FOREIGN KEY (`result_id`) REFERENCES `results` (`id`) ON DELETE CASCADE
) ENGINE=InnoDB AUTO_INCREMENT=4 DEFAULT CHARSET=utf8mb4 COLLATE=utf8mb4_unicode_ci;
/*!40101 SET character_set_client = @saved_cs_client */;

--
-- Dumping data for table `exam_measurement_stats`
--

LOCK TABLES `exam_measurement_stats` WRITE;
/*!40000 ALTER TABLE `exam_measurement_stats` DISABLE KEYS */;
INSERT INTO `exam_measurement_stats` VALUES (1,4,'1','231','23','1231'),(2,5,'3','3','21','12'),(3,6,'','','','');
/*!40000 ALTER TABLE `exam_measurement_stats` ENABLE KEYS */;
UNLOCK TABLES;

--
-- Table structure for table `exam_measurements`
--

DROP TABLE IF EXISTS `exam_measurements`;
/*!40101 SET @saved_cs_client     = @@character_set_client */;
/*!50503 SET character_set_client = utf8mb4 */;
CREATE TABLE `exam_measurements` (
  `id` int NOT NULL AUTO_INCREMENT,
  `result_id` int NOT NULL,
  `point_number` int DEFAULT NULL,
  `design_thickness` varchar(20) COLLATE utf8mb4_unicode_ci DEFAULT NULL,
  `actual_thickness` varchar(20) COLLATE utf8mb4_unicode_ci DEFAULT NULL,
  `wear_percent` varchar(20) COLLATE utf8mb4_unicode_ci DEFAULT NULL,
  `note` varchar(255) COLLATE utf8mb4_unicode_ci DEFAULT NULL,
  PRIMARY KEY (`id`),
  KEY `result_id` (`result_id`),
  CONSTRAINT `exam_measurements_ibfk_1` FOREIGN KEY (`result_id`) REFERENCES `results` (`id`) ON DELETE CASCADE
) ENGINE=InnoDB AUTO_INCREMENT=2 DEFAULT CHARSET=utf8mb4 COLLATE=utf8mb4_unicode_ci;
/*!40101 SET character_set_client = @saved_cs_client */;

--
-- Dumping data for table `exam_measurements`
--

LOCK TABLES `exam_measurements` WRITE;
/*!40000 ALTER TABLE `exam_measurements` DISABLE KEYS */;
INSERT INTO `exam_measurements` VALUES (1,4,1,'','','','');
/*!40000 ALTER TABLE `exam_measurements` ENABLE KEYS */;
UNLOCK TABLES;

--
-- Table structure for table `exam_norms`
--

DROP TABLE IF EXISTS `exam_norms`;
/*!40101 SET @saved_cs_client     = @@character_set_client */;
/*!50503 SET character_set_client = utf8mb4 */;
CREATE TABLE `exam_norms` (
  `id` int NOT NULL AUTO_INCREMENT,
  `result_id` int NOT NULL,
  `norm_name` varchar(500) COLLATE utf8mb4_unicode_ci DEFAULT NULL,
  `is_selected` tinyint(1) DEFAULT '1',
  PRIMARY KEY (`id`),
  KEY `result_id` (`result_id`),
  CONSTRAINT `exam_norms_ibfk_1` FOREIGN KEY (`result_id`) REFERENCES `results` (`id`) ON DELETE CASCADE
) ENGINE=InnoDB AUTO_INCREMENT=6 DEFAULT CHARSET=utf8mb4 COLLATE=utf8mb4_unicode_ci;
/*!40101 SET character_set_client = @saved_cs_client */;

--
-- Dumping data for table `exam_norms`
--

LOCK TABLES `exam_norms` WRITE;
/*!40000 ALTER TABLE `exam_norms` DISABLE KEYS */;
INSERT INTO `exam_norms` VALUES (1,4,'Федеральные нормы и правила \'Правила безопасности\'',1),(2,4,'ГОСТ 18353-79 \'Контроль неразрушающий. Классификация\'',1),(3,5,'Федеральный закон №116-ФЗ \'О промышленной безопасности\'',1),(4,5,'РД 03-421-01 \'Методические указания\'',1),(5,5,'ГОСТ 18353-79 \'Контроль неразрушающий. Классификация\'',1);
/*!40000 ALTER TABLE `exam_norms` ENABLE KEYS */;
UNLOCK TABLES;

--
-- Table structure for table `exam_operation`
--

DROP TABLE IF EXISTS `exam_operation`;
/*!40101 SET @saved_cs_client     = @@character_set_client */;
/*!50503 SET character_set_client = utf8mb4 */;
CREATE TABLE `exam_operation` (
  `id` int NOT NULL AUTO_INCREMENT,
  `result_id` int NOT NULL,
  `operating_hours` varchar(50) COLLATE utf8mb4_unicode_ci DEFAULT NULL,
  `cycles_count` varchar(50) COLLATE utf8mb4_unicode_ci DEFAULT NULL,
  `commissioning_year` varchar(20) COLLATE utf8mb4_unicode_ci DEFAULT NULL,
  PRIMARY KEY (`id`),
  KEY `result_id` (`result_id`),
  CONSTRAINT `exam_operation_ibfk_1` FOREIGN KEY (`result_id`) REFERENCES `results` (`id`) ON DELETE CASCADE
) ENGINE=InnoDB AUTO_INCREMENT=4 DEFAULT CHARSET=utf8mb4 COLLATE=utf8mb4_unicode_ci;
/*!40101 SET character_set_client = @saved_cs_client */;

--
-- Dumping data for table `exam_operation`
--

LOCK TABLES `exam_operation` WRITE;
/*!40000 ALTER TABLE `exam_operation` DISABLE KEYS */;
INSERT INTO `exam_operation` VALUES (1,4,'2','23','3'),(2,5,'3','12','2'),(3,6,'','','');
/*!40000 ALTER TABLE `exam_operation` ENABLE KEYS */;
UNLOCK TABLES;

--
-- Table structure for table `exam_recommendations`
--

DROP TABLE IF EXISTS `exam_recommendations`;
/*!40101 SET @saved_cs_client     = @@character_set_client */;
/*!50503 SET character_set_client = utf8mb4 */;
CREATE TABLE `exam_recommendations` (
  `id` int NOT NULL AUTO_INCREMENT,
  `result_id` int NOT NULL,
  `recommendations` text COLLATE utf8mb4_unicode_ci,
  `remaining_life` varchar(50) COLLATE utf8mb4_unicode_ci DEFAULT NULL,
  PRIMARY KEY (`id`),
  KEY `result_id` (`result_id`),
  CONSTRAINT `exam_recommendations_ibfk_1` FOREIGN KEY (`result_id`) REFERENCES `results` (`id`) ON DELETE CASCADE
) ENGINE=InnoDB AUTO_INCREMENT=3 DEFAULT CHARSET=utf8mb4 COLLATE=utf8mb4_unicode_ci;
/*!40101 SET character_set_client = @saved_cs_client */;

--
-- Dumping data for table `exam_recommendations`
--

LOCK TABLES `exam_recommendations` WRITE;
/*!40000 ALTER TABLE `exam_recommendations` DISABLE KEYS */;
INSERT INTO `exam_recommendations` VALUES (1,4,'1231','32'),(2,5,'123','123');
/*!40000 ALTER TABLE `exam_recommendations` ENABLE KEYS */;
UNLOCK TABLES;

--
-- Table structure for table `exam_summary`
--

DROP TABLE IF EXISTS `exam_summary`;
/*!40101 SET @saved_cs_client     = @@character_set_client */;
/*!50503 SET character_set_client = utf8mb4 */;
CREATE TABLE `exam_summary` (
  `id` int NOT NULL AUTO_INCREMENT,
  `result_id` int NOT NULL,
  `purpose` varchar(255) COLLATE utf8mb4_unicode_ci DEFAULT NULL,
  `verdict` varchar(255) COLLATE utf8mb4_unicode_ci DEFAULT NULL,
  `summary` text COLLATE utf8mb4_unicode_ci,
  `other_norms` varchar(500) COLLATE utf8mb4_unicode_ci DEFAULT NULL,
  PRIMARY KEY (`id`),
  KEY `result_id` (`result_id`),
  CONSTRAINT `exam_summary_ibfk_1` FOREIGN KEY (`result_id`) REFERENCES `results` (`id`) ON DELETE CASCADE
) ENGINE=InnoDB AUTO_INCREMENT=4 DEFAULT CHARSET=utf8mb4 COLLATE=utf8mb4_unicode_ci;
/*!40101 SET character_set_client = @saved_cs_client */;

--
-- Dumping data for table `exam_summary`
--

LOCK TABLES `exam_summary` WRITE;
/*!40000 ALTER TABLE `exam_summary` DISABLE KEYS */;
INSERT INTO `exam_summary` VALUES (1,4,'Первичная аттестация','Требует дополнительного контроля','вывод',''),(2,5,'Периодическая аттестация','Не соответствует требованиям','123',''),(3,6,'','','','');
/*!40000 ALTER TABLE `exam_summary` ENABLE KEYS */;
UNLOCK TABLES;

--
-- Table structure for table `expert_types`
--

DROP TABLE IF EXISTS `expert_types`;
/*!40101 SET @saved_cs_client     = @@character_set_client */;
/*!50503 SET character_set_client = utf8mb4 */;
CREATE TABLE `expert_types` (
  `id` int NOT NULL AUTO_INCREMENT,
  `name` varchar(100) COLLATE utf8mb4_unicode_ci NOT NULL,
  `description` text COLLATE utf8mb4_unicode_ci,
  `regulatory_base` varchar(255) COLLATE utf8mb4_unicode_ci DEFAULT NULL,
  PRIMARY KEY (`id`)
) ENGINE=InnoDB AUTO_INCREMENT=8 DEFAULT CHARSET=utf8mb4 COLLATE=utf8mb4_unicode_ci;
/*!40101 SET character_set_client = @saved_cs_client */;

--
-- Dumping data for table `expert_types`
--

LOCK TABLES `expert_types` WRITE;
/*!40000 ALTER TABLE `expert_types` DISABLE KEYS */;
INSERT INTO `expert_types` VALUES (1,'Экспертиза промышленной безопасности','Оценка соответствия объекта требованиям промышленной безопасности','ФЗ-116, ФНиП'),(2,'Техническое диагностирование','Определение технического состояния оборудования','ФНиП'),(3,'Экспертиза проекта','Экспертиза проектной документации','ФЗ-116'),(4,'Экспертиза промышленной безопасности','Оценка соответствия объекта требованиям промышленной безопасности','ФЗ-116, ФНиП'),(5,'Техническое диагностирование','Определение технического состояния оборудования','ФНиП'),(6,'Экспертиза проекта','Экспертиза проектной документации','ФЗ-116');
/*!40000 ALTER TABLE `expert_types` ENABLE KEYS */;
UNLOCK TABLES;

--
-- Table structure for table `final_documents`
--

DROP TABLE IF EXISTS `final_documents`;
/*!40101 SET @saved_cs_client     = @@character_set_client */;
/*!50503 SET character_set_client = utf8mb4 */;
CREATE TABLE `final_documents` (
  `id` int NOT NULL AUTO_INCREMENT,
  `project_id` int NOT NULL,
  `doc_type` enum('act','report','conclusion') COLLATE utf8mb4_unicode_ci NOT NULL,
  `draft_id` int DEFAULT NULL,
  `doc_number` varchar(50) COLLATE utf8mb4_unicode_ci DEFAULT NULL,
  `approval_date` date DEFAULT NULL,
  `approver_id` int DEFAULT NULL,
  `pdf_path` varchar(255) COLLATE utf8mb4_unicode_ci DEFAULT NULL,
  `status_id` int DEFAULT NULL,
  PRIMARY KEY (`id`),
  KEY `project_id` (`project_id`),
  KEY `draft_id` (`draft_id`),
  KEY `approver_id` (`approver_id`),
  KEY `status_id` (`status_id`),
  CONSTRAINT `final_documents_ibfk_1` FOREIGN KEY (`project_id`) REFERENCES `projects` (`id`),
  CONSTRAINT `final_documents_ibfk_2` FOREIGN KEY (`draft_id`) REFERENCES `drafts` (`id`),
  CONSTRAINT `final_documents_ibfk_3` FOREIGN KEY (`approver_id`) REFERENCES `employees` (`id`),
  CONSTRAINT `final_documents_ibfk_4` FOREIGN KEY (`status_id`) REFERENCES `statuses` (`id`)
) ENGINE=InnoDB AUTO_INCREMENT=7 DEFAULT CHARSET=utf8mb4 COLLATE=utf8mb4_unicode_ci;
/*!40101 SET character_set_client = @saved_cs_client */;

--
-- Dumping data for table `final_documents`
--

LOCK TABLES `final_documents` WRITE;
/*!40000 ALTER TABLE `final_documents` DISABLE KEYS */;
INSERT INTO `final_documents` VALUES (5,4,'conclusion',42,'CONCLUSION-20260227-42','2026-02-27',5,'final_documents\\CONCLUSION-20260227-42_20260227_174711.pdf',3),(6,4,'report',41,'REPORT-20260227-41','2026-02-27',5,'final_documents\\REPORT-20260227-41_20260227_174725.pdf',3);
/*!40000 ALTER TABLE `final_documents` ENABLE KEYS */;
UNLOCK TABLES;

--
-- Table structure for table `objects`
--

DROP TABLE IF EXISTS `objects`;
/*!40101 SET @saved_cs_client     = @@character_set_client */;
/*!50503 SET character_set_client = utf8mb4 */;
CREATE TABLE `objects` (
  `id` int NOT NULL AUTO_INCREMENT,
  `name` varchar(255) COLLATE utf8mb4_unicode_ci NOT NULL,
  `category` varchar(100) COLLATE utf8mb4_unicode_ci DEFAULT NULL,
  `unit` varchar(20) COLLATE utf8mb4_unicode_ci DEFAULT NULL,
  PRIMARY KEY (`id`)
) ENGINE=InnoDB AUTO_INCREMENT=8 DEFAULT CHARSET=utf8mb4 COLLATE=utf8mb4_unicode_ci;
/*!40101 SET character_set_client = @saved_cs_client */;

--
-- Dumping data for table `objects`
--

LOCK TABLES `objects` WRITE;
/*!40000 ALTER TABLE `objects` DISABLE KEYS */;
INSERT INTO `objects` VALUES (1,'Котел паровой Е-1,0-0,9Г','Котлы','шт'),(2,'Резервуар вертикальный стальной РВС-1000','Резервуары','шт'),(3,'Трубопровод газоснабжения','Трубопроводы','м'),(4,'Котел паровой Е-1,0-0,9Г','Котлы','шт'),(5,'Резервуар вертикальный стальной РВС-1000','Резервуары','шт'),(6,'Трубопровод газоснабжения','Трубопроводы','м');
/*!40000 ALTER TABLE `objects` ENABLE KEYS */;
UNLOCK TABLES;

--
-- Table structure for table `project_files`
--

DROP TABLE IF EXISTS `project_files`;
/*!40101 SET @saved_cs_client     = @@character_set_client */;
/*!50503 SET character_set_client = utf8mb4 */;
CREATE TABLE `project_files` (
  `id` int NOT NULL AUTO_INCREMENT,
  `project_id` int NOT NULL,
  `result_id` int DEFAULT NULL,
  `file_name` varchar(255) COLLATE utf8mb4_unicode_ci NOT NULL,
  `file_path` varchar(255) COLLATE utf8mb4_unicode_ci NOT NULL,
  `file_type` varchar(50) COLLATE utf8mb4_unicode_ci DEFAULT NULL,
  `file_size` int DEFAULT NULL,
  `upload_date` datetime NOT NULL,
  `employee_id` int NOT NULL,
  PRIMARY KEY (`id`),
  KEY `project_id` (`project_id`),
  KEY `result_id` (`result_id`),
  KEY `employee_id` (`employee_id`),
  CONSTRAINT `project_files_ibfk_1` FOREIGN KEY (`project_id`) REFERENCES `projects` (`id`),
  CONSTRAINT `project_files_ibfk_2` FOREIGN KEY (`result_id`) REFERENCES `results` (`id`),
  CONSTRAINT `project_files_ibfk_3` FOREIGN KEY (`employee_id`) REFERENCES `employees` (`id`)
) ENGINE=InnoDB AUTO_INCREMENT=7 DEFAULT CHARSET=utf8mb4 COLLATE=utf8mb4_unicode_ci;
/*!40101 SET character_set_client = @saved_cs_client */;

--
-- Dumping data for table `project_files`
--

LOCK TABLES `project_files` WRITE;
/*!40000 ALTER TABLE `project_files` DISABLE KEYS */;
INSERT INTO `project_files` VALUES (1,2,1,'3c3e54dca8b52c3f3675b0a50f2cb19e.jpg','uploads\\20260227025204_3c3e54dca8b52c3f3675b0a50f2cb19e.jpg','.jpg',22855,'2026-02-27 02:52:04',2),(2,1,2,'5bd7eeaa571866141ffb353f5ad7c575.jpg','uploads\\20260227025329_5bd7eeaa571866141ffb353f5ad7c575.jpg','.jpg',69495,'2026-02-27 02:53:29',1),(3,1,2,'1) Ты можешь сделать такую на pytho.txt','uploads\\20260227025329_1) Ты можешь сделать такую на pytho.txt','.txt',1507,'2026-02-27 02:53:29',1),(4,3,3,'deepseek_mermaid_20260226_9833ea.png','uploads\\20260227051017_deepseek_mermaid_20260226_9833ea.png','.png',2536832,'2026-02-27 05:10:17',1),(5,1,4,'message.txt','uploads\\20260227163538_message.txt','.txt',7160,'2026-02-27 16:35:38',1),(6,4,5,'message.txt','uploads\\20260227163958_message.txt','.txt',7160,'2026-02-27 16:39:58',1);
/*!40000 ALTER TABLE `project_files` ENABLE KEYS */;
UNLOCK TABLES;

--
-- Table structure for table `projects`
--

DROP TABLE IF EXISTS `projects`;
/*!40101 SET @saved_cs_client     = @@character_set_client */;
/*!50503 SET character_set_client = utf8mb4 */;
CREATE TABLE `projects` (
  `id` int NOT NULL AUTO_INCREMENT,
  `project_number` varchar(50) COLLATE utf8mb4_unicode_ci NOT NULL,
  `creation_date` date NOT NULL,
  `customer_id` int NOT NULL,
  `object_id` int NOT NULL,
  `expert_type_id` int NOT NULL,
  `expert_id` int DEFAULT NULL,
  `planned_start` date DEFAULT NULL,
  `planned_end` date DEFAULT NULL,
  `status_id` int DEFAULT '1',
  `contract_number` varchar(50) COLLATE utf8mb4_unicode_ci DEFAULT NULL,
  `contract_date` date DEFAULT NULL,
  `notes` text COLLATE utf8mb4_unicode_ci,
  PRIMARY KEY (`id`),
  UNIQUE KEY `project_number` (`project_number`),
  KEY `customer_id` (`customer_id`),
  KEY `object_id` (`object_id`),
  KEY `expert_type_id` (`expert_type_id`),
  KEY `expert_id` (`expert_id`),
  KEY `status_id` (`status_id`),
  CONSTRAINT `projects_ibfk_1` FOREIGN KEY (`customer_id`) REFERENCES `customers` (`id`),
  CONSTRAINT `projects_ibfk_2` FOREIGN KEY (`object_id`) REFERENCES `objects` (`id`),
  CONSTRAINT `projects_ibfk_3` FOREIGN KEY (`expert_type_id`) REFERENCES `expert_types` (`id`),
  CONSTRAINT `projects_ibfk_4` FOREIGN KEY (`expert_id`) REFERENCES `employees` (`id`),
  CONSTRAINT `projects_ibfk_5` FOREIGN KEY (`status_id`) REFERENCES `statuses` (`id`)
) ENGINE=InnoDB AUTO_INCREMENT=6 DEFAULT CHARSET=utf8mb4 COLLATE=utf8mb4_unicode_ci;
/*!40101 SET character_set_client = @saved_cs_client */;

--
-- Dumping data for table `projects`
--

LOCK TABLES `projects` WRITE;
/*!40000 ALTER TABLE `projects` DISABLE KEYS */;
INSERT INTO `projects` VALUES (1,'П-20260227-022706','2026-02-27',5,2,5,1,'2026-02-27','2026-02-28',1,'1231231','2026-02-25','1\n2\n3\n4'),(2,'П-20260227-022908','2026-02-27',1,4,6,2,'2026-02-27','2026-03-02',1,'123123','2026-02-27','Ага'),(3,'П-20260227-050915','2026-02-27',6,3,1,1,'2026-02-27','2026-03-02',1,'99999999','2026-02-27','Fa'),(4,'П-20260227-163836','2026-02-27',1,6,5,1,'2026-02-27','2026-03-09',1,'777','2026-02-27','пп'),(5,'П-20260227-184827','2026-02-27',2,4,6,1,'2026-02-27','2026-03-05',1,'3412-4812-ПАО','2026-02-27','Отсутствуют.');
/*!40000 ALTER TABLE `projects` ENABLE KEYS */;
UNLOCK TABLES;

--
-- Table structure for table `results`
--

DROP TABLE IF EXISTS `results`;
/*!40101 SET @saved_cs_client     = @@character_set_client */;
/*!50503 SET character_set_client = utf8mb4 */;
CREATE TABLE `results` (
  `id` int NOT NULL AUTO_INCREMENT,
  `project_id` int NOT NULL,
  `upload_date` datetime NOT NULL,
  `expert_type_id` int NOT NULL,
  `measurements` text COLLATE utf8mb4_unicode_ci,
  `comments` text COLLATE utf8mb4_unicode_ci,
  `working_pressure` varchar(50) COLLATE utf8mb4_unicode_ci DEFAULT NULL,
  `working_temperature` varchar(50) COLLATE utf8mb4_unicode_ci DEFAULT NULL,
  `capacity` varchar(50) COLLATE utf8mb4_unicode_ci DEFAULT NULL,
  `working_medium` varchar(100) COLLATE utf8mb4_unicode_ci DEFAULT NULL,
  `hazard_class` varchar(50) COLLATE utf8mb4_unicode_ci DEFAULT NULL,
  `body_material` varchar(100) COLLATE utf8mb4_unicode_ci DEFAULT NULL,
  `welding_type` varchar(100) COLLATE utf8mb4_unicode_ci DEFAULT NULL,
  `min_thickness` varchar(50) COLLATE utf8mb4_unicode_ci DEFAULT NULL,
  `max_defects` text COLLATE utf8mb4_unicode_ci,
  `remaining_life` varchar(50) COLLATE utf8mb4_unicode_ci DEFAULT NULL,
  `expert_id` int NOT NULL,
  PRIMARY KEY (`id`),
  KEY `project_id` (`project_id`),
  KEY `expert_type_id` (`expert_type_id`),
  KEY `expert_id` (`expert_id`),
  CONSTRAINT `results_ibfk_1` FOREIGN KEY (`project_id`) REFERENCES `projects` (`id`),
  CONSTRAINT `results_ibfk_2` FOREIGN KEY (`expert_type_id`) REFERENCES `expert_types` (`id`),
  CONSTRAINT `results_ibfk_3` FOREIGN KEY (`expert_id`) REFERENCES `employees` (`id`)
) ENGINE=InnoDB AUTO_INCREMENT=7 DEFAULT CHARSET=utf8mb4 COLLATE=utf8mb4_unicode_ci;
/*!40101 SET character_set_client = @saved_cs_client */;

--
-- Dumping data for table `results`
--

LOCK TABLES `results` WRITE;
/*!40000 ALTER TABLE `results` DISABLE KEYS */;
INSERT INTO `results` VALUES (1,2,'2026-02-27 02:52:04',6,'rr','r',NULL,NULL,NULL,NULL,NULL,NULL,NULL,NULL,NULL,NULL,2),(2,1,'2026-02-27 02:53:29',5,'Резу:','Комм:',NULL,NULL,NULL,NULL,NULL,NULL,NULL,NULL,NULL,NULL,1),(3,3,'2026-02-27 05:10:17',1,'Рез','Ком','23','23','23','23','Средний','23','23','23','23','23',1),(4,1,'2026-02-27 16:35:38',5,'','','2','2','1','3','3','2','2','1','','32',1),(5,4,'2026-02-27 16:39:58',5,'','','3','3','3','3','3','3','33','3','','123',1),(6,5,'2026-02-27 18:55:42',6,'','','','','','','','','','','','',1);
/*!40000 ALTER TABLE `results` ENABLE KEYS */;
UNLOCK TABLES;

--
-- Table structure for table `statuses`
--

DROP TABLE IF EXISTS `statuses`;
/*!40101 SET @saved_cs_client     = @@character_set_client */;
/*!50503 SET character_set_client = utf8mb4 */;
CREATE TABLE `statuses` (
  `id` int NOT NULL AUTO_INCREMENT,
  `name` varchar(50) COLLATE utf8mb4_unicode_ci NOT NULL,
  `description` varchar(255) COLLATE utf8mb4_unicode_ci DEFAULT NULL,
  `color_code` varchar(7) COLLATE utf8mb4_unicode_ci DEFAULT NULL,
  PRIMARY KEY (`id`)
) ENGINE=InnoDB AUTO_INCREMENT=9 DEFAULT CHARSET=utf8mb4 COLLATE=utf8mb4_unicode_ci;
/*!40101 SET character_set_client = @saved_cs_client */;

--
-- Dumping data for table `statuses`
--

LOCK TABLES `statuses` WRITE;
/*!40000 ALTER TABLE `statuses` DISABLE KEYS */;
INSERT INTO `statuses` VALUES (1,'Черновик','Документ в процессе редактирования','#808080'),(2,'На согласовании','Документ отправлен на утверждение','#FFA500'),(3,'Утвержден','Документ утвержден руководителем','#00FF00'),(4,'Передан в А4','Документ передан в процесс А4','#0000FF'),(5,'Черновик','Документ в процессе редактирования','#808080'),(6,'На согласовании','Документ отправлен на утверждение','#FFA500'),(7,'Утвержден','Документ утвержден руководителем','#00FF00'),(8,'Передан в А4','Документ передан в процесс А4','#0000FF');
/*!40000 ALTER TABLE `statuses` ENABLE KEYS */;
UNLOCK TABLES;

--
-- Table structure for table `templates`
--

DROP TABLE IF EXISTS `templates`;
/*!40101 SET @saved_cs_client     = @@character_set_client */;
/*!50503 SET character_set_client = utf8mb4 */;
CREATE TABLE `templates` (
  `id` int NOT NULL AUTO_INCREMENT,
  `name` varchar(255) COLLATE utf8mb4_unicode_ci NOT NULL,
  `doc_type` enum('act','report','conclusion') COLLATE utf8mb4_unicode_ci NOT NULL,
  `template_path` varchar(255) COLLATE utf8mb4_unicode_ci DEFAULT NULL,
  `update_date` date DEFAULT NULL,
  PRIMARY KEY (`id`)
) ENGINE=InnoDB AUTO_INCREMENT=8 DEFAULT CHARSET=utf8mb4 COLLATE=utf8mb4_unicode_ci;
/*!40101 SET character_set_client = @saved_cs_client */;

--
-- Dumping data for table `templates`
--

LOCK TABLES `templates` WRITE;
/*!40000 ALTER TABLE `templates` DISABLE KEYS */;
INSERT INTO `templates` VALUES (5,'Шаблон акта обследования','act','templates/act_template.docx','2026-02-27'),(6,'Шаблон технического отчета','report','templates/report_template.docx','2026-02-27'),(7,'Шаблон экспертного заключения','conclusion','templates/conclusion_template.docx','2026-02-27');
/*!40000 ALTER TABLE `templates` ENABLE KEYS */;
UNLOCK TABLES;
/*!40103 SET TIME_ZONE=@OLD_TIME_ZONE */;

/*!40101 SET SQL_MODE=@OLD_SQL_MODE */;
/*!40014 SET FOREIGN_KEY_CHECKS=@OLD_FOREIGN_KEY_CHECKS */;
/*!40014 SET UNIQUE_CHECKS=@OLD_UNIQUE_CHECKS */;
/*!40101 SET CHARACTER_SET_CLIENT=@OLD_CHARACTER_SET_CLIENT */;
/*!40101 SET CHARACTER_SET_RESULTS=@OLD_CHARACTER_SET_RESULTS */;
/*!40101 SET COLLATION_CONNECTION=@OLD_COLLATION_CONNECTION */;
/*!40111 SET SQL_NOTES=@OLD_SQL_NOTES */;

-- Dump completed on 2026-03-22 17:42:14
